zcta,NAME,pct_uninsured_acs2024
75001,ZCTA5 75001,14.9
75002,ZCTA5 75002,9.0
75006,ZCTA5 75006,22.3
75007,ZCTA5 75007,14.1
75009,ZCTA5 75009,4.8
75010,ZCTA5 75010,8.6
75013,ZCTA5 75013,5.9
75019,ZCTA5 75019,8.1
75020,ZCTA5 75020,16.8
75021,ZCTA5 75021,11.0
75022,ZCTA5 75022,4.6
75023,ZCTA5 75023,12.9
75024,ZCTA5 75024,6.4
75025,ZCTA5 75025,6.8
75028,ZCTA5 75028,4.3
75032,ZCTA5 75032,8.3
75033,ZCTA5 75033,7.2
75034,ZCTA5 75034,9.8
75035,ZCTA5 75035,5.3
75036,ZCTA5 75036,5.1
75038,ZCTA5 75038,17.0
75039,ZCTA5 75039,6.8
75040,ZCTA5 75040,22.7
75041,ZCTA5 75041,34.3
75042,ZCTA5 75042,33.7
75043,ZCTA5 75043,24.1
75044,ZCTA5 75044,16.6
75048,ZCTA5 75048,8.9
75050,ZCTA5 75050,25.2
75051,ZCTA5 75051,27.9
75052,ZCTA5 75052,13.1
75054,ZCTA5 75054,8.8
75056,ZCTA5 75056,9.3
75057,ZCTA5 75057,19.3
75058,ZCTA5 75058,12.7
75060,ZCTA5 75060,31.4
75061,ZCTA5 75061,35.1
75062,ZCTA5 75062,23.6
75063,ZCTA5 75063,8.0
75065,ZCTA5 75065,12.5
75067,ZCTA5 75067,18.0
75068,ZCTA5 75068,11.8
75069,ZCTA5 75069,16.3
75070,ZCTA5 75070,7.2
75071,ZCTA5 75071,6.4
75072,ZCTA5 75072,4.7
75074,ZCTA5 75074,20.9
75075,ZCTA5 75075,10.0
75076,ZCTA5 75076,8.4
75077,ZCTA5 75077,7.7
75078,ZCTA5 75078,5.1
75080,ZCTA5 75080,11.4
75081,ZCTA5 75081,18.4
75082,ZCTA5 75082,10.0
75087,ZCTA5 75087,8.0
75088,ZCTA5 75088,12.1
75089,ZCTA5 75089,12.4
75090,ZCTA5 75090,21.1
75092,ZCTA5 75092,14.4
75093,ZCTA5 75093,6.1
75094,ZCTA5 75094,6.7
75098,ZCTA5 75098,12.6
75101,ZCTA5 75101,29.3
75102,ZCTA5 75102,12.4
75103,ZCTA5 75103,17.2
75104,ZCTA5 75104,13.5
75105,ZCTA5 75105,4.2
75109,ZCTA5 75109,12.6
75110,ZCTA5 75110,21.1
75114,ZCTA5 75114,19.7
75115,ZCTA5 75115,13.1
75116,ZCTA5 75116,25.4
75117,ZCTA5 75117,7.3
75119,ZCTA5 75119,19.9
75124,ZCTA5 75124,9.3
75125,ZCTA5 75125,23.9
75126,ZCTA5 75126,12.1
75127,ZCTA5 75127,9.6
75132,ZCTA5 75132,
75134,ZCTA5 75134,15.5
75135,ZCTA5 75135,12.6
75137,ZCTA5 75137,19.1
75140,ZCTA5 75140,31.4
75141,ZCTA5 75141,24.1
75142,ZCTA5 75142,19.1
75143,ZCTA5 75143,14.8
75144,ZCTA5 75144,10.1
75146,ZCTA5 75146,15.2
75147,ZCTA5 75147,17.4
75148,ZCTA5 75148,18.0
75149,ZCTA5 75149,28.0
75150,ZCTA5 75150,21.4
75152,ZCTA5 75152,23.8
75153,ZCTA5 75153,11.1
75154,ZCTA5 75154,12.5
75155,ZCTA5 75155,17.4
75156,ZCTA5 75156,17.6
75157,ZCTA5 75157,0.0
75158,ZCTA5 75158,24.5
75159,ZCTA5 75159,24.6
75160,ZCTA5 75160,16.4
75161,ZCTA5 75161,13.0
75163,ZCTA5 75163,15.9
75164,ZCTA5 75164,43.5
75165,ZCTA5 75165,13.7
75166,ZCTA5 75166,3.4
75167,ZCTA5 75167,14.1
75169,ZCTA5 75169,19.8
75172,ZCTA5 75172,21.5
75173,ZCTA5 75173,16.0
75180,ZCTA5 75180,31.6
75181,ZCTA5 75181,10.6
75182,ZCTA5 75182,7.5
75189,ZCTA5 75189,10.7
75201,ZCTA5 75201,14.4
75202,ZCTA5 75202,13.1
75203,ZCTA5 75203,33.7
75204,ZCTA5 75204,12.0
75205,ZCTA5 75205,5.1
75206,ZCTA5 75206,6.3
75207,ZCTA5 75207,9.8
75208,ZCTA5 75208,19.9
75209,ZCTA5 75209,9.1
75210,ZCTA5 75210,38.4
75211,ZCTA5 75211,29.9
75212,ZCTA5 75212,26.4
75214,ZCTA5 75214,10.3
75215,ZCTA5 75215,28.2
75216,ZCTA5 75216,27.2
75217,ZCTA5 75217,33.4
75218,ZCTA5 75218,14.9
75219,ZCTA5 75219,8.4
75220,ZCTA5 75220,46.0
75223,ZCTA5 75223,31.2
75224,ZCTA5 75224,24.0
75225,ZCTA5 75225,1.8
75226,ZCTA5 75226,18.6
75227,ZCTA5 75227,30.2
75228,ZCTA5 75228,28.1
75229,ZCTA5 75229,24.6
75230,ZCTA5 75230,6.0
75231,ZCTA5 75231,26.7
75232,ZCTA5 75232,21.8
75233,ZCTA5 75233,23.4
75234,ZCTA5 75234,22.3
75235,ZCTA5 75235,20.2
75236,ZCTA5 75236,21.5
75237,ZCTA5 75237,23.9
75238,ZCTA5 75238,17.6
75240,ZCTA5 75240,32.7
75241,ZCTA5 75241,20.2
75243,ZCTA5 75243,27.0
75244,ZCTA5 75244,8.8
75246,ZCTA5 75246,30.5
75247,ZCTA5 75247,39.2
75248,ZCTA5 75248,8.3
75249,ZCTA5 75249,11.3
75251,ZCTA5 75251,11.8
75252,ZCTA5 75252,11.7
75253,ZCTA5 75253,37.3
75254,ZCTA5 75254,19.9
75261,ZCTA5 75261,
75270,ZCTA5 75270,
75287,ZCTA5 75287,17.3
75390,ZCTA5 75390,
