Organization,full,Address,City,State,Zipcode,Phone,Hours,Type,LegnedIcon,Process,AdditionalInfo,Website,VerifiedOn,N_LON,N_LAT,N_MCODE,N_LCODE
Vape Nation,523 S Magnolia Street Suite B Woodville Texas 75979,523 S Magnolia St,Woodville,TX,75959,,24/7,Freestanding Dispenser,https://txdshsea.maps.arcgis.com/sharing/rest/content/items/2fb96568775a48fd8830b646c6bc1880/data,Individuals can access the naloxone dispenser located on the side of the building; simply pull the handle to open the machine door and access naloxone.,Donated and monitored by ICON Program,,5/12/2025,-94.414776,30.770075,S900,AS0
Faith Mission Wichita Falls,1300 Travis St Wichita Falls TX 76301,1300 Travis St,Wichita Falls,TX,76301,940-723-5663,M-F: 6a-8p,Recovery Support Services,https://txdshsea.maps.arcgis.com/sharing/rest/content/items/9eced037df214baaa061e9147f8abc3d/data,Individuals can access the vending machine during operating hours,,https://faithmissionwf.org/,3/27/2025,-98.49038,33.905571,S800,AS0
Unity Recovery,1704 Santa Fe Drive Suite 200 Weatherford TX 76086,1704 Santa Fe Dr,Weatherford,TX,76086,817-550-6188,10a-5p (m-f) sat: 10-3 and sun: 1-6p,Regional Distribution Site (BeWell),https://txdshsea.maps.arcgis.com/sharing/rest/content/items/88e8dc32fbaa4dcd81b339271f9ac3ee/data,Two ways to order: Contact call center at 817-550-6188; order using link:  https://redcap.uthscsa.edu/REDCap/surveys/?s=7MWYPFNF8YH4XFXK ; individuals can pick up their orders within 48 hours,invidividuals interested in free naloxone training can contact Ashley via email: ashley.gainey@unityrecovery.org,https://unityrecovery.org/,8/26/2025,-97.773789,32.739594,S800,AS0
Midcoast Family Services,2010 N Navarro Suite A Victoria TX 77901,2010 N Navarro,Victoria,TX,77901,361-575-7842,24/7,Freestanding Dispenser,https://txdshsea.maps.arcgis.com/sharing/rest/content/items/2fb96568775a48fd8830b646c6bc1880/data,Individuals can access the naloxone dispenser located in the front of the facility.,Donated and monitored by ICON Program,http://www.midcoastfamily.org/,5/12/2025,-96.99981,28.81331,S810,AS0
Hilltop Recovery Ministries,509 South 9th Street Temple TX 76504,509 South 9th Street,Temple,TX,76504,254-239-7623,24/7,Recovery Support Services,https://txdshsea.maps.arcgis.com/sharing/rest/content/items/9eced037df214baaa061e9147f8abc3d/data,Individuals must call in advance to schedule an appointment,"Offers restoration services to women 18 years and older in Bell County who are facing various struggles such as addiction, abuse, and homelessness.",https://hilltoprecoveryministries.org/,3/31/2025,-97.347847,31.092793,S800,AS0
Texoma Community Center,315 W McLain Dr Sherman TX 75092,315 W McLain Dr,Sherman,TX,75092,903-957-4803,M-F: 8a-5p,Recovery Support Services,https://txdshsea.maps.arcgis.com/sharing/rest/content/items/9eced037df214baaa061e9147f8abc3d/data,Individuals can can come in during business hours and check-in with the front desk to obtain naloxone (no identification card required),"Adult & Adolescent Outpatient Substance Use Disorder Treatment, OSAR, OBOT, MAT-AUD, Recovery Support Services, and Prevention & Education.",https://texomacc.org/,3/28/2025,-96.61983,33.662477,S800,AS0
Texoma Community Center,315 W McLain Dr Sherman TX 75092,315 W McLain Dr,Sherman,TX,75092,903-957-4803,24/7,Freestanding Dispenser,https://txdshsea.maps.arcgis.com/sharing/rest/content/items/2fb96568775a48fd8830b646c6bc1880/data,"Narcan Vending machine (white newspaper dispenser) located on the porch of Substance Use Dept. Free to anyone, Available 24 hours a day.","Adult & Adolescent Outpatient Substance Use Disorder Treatment, OSAR, OBOT, MAT-AUD, Recovery Support Services, and Prevention & Education.",https://texomacc.org/,6/16/2025,-96.61983,33.662477,S800,AS0
Southside Community Center,518 S Guadalupe St San Marcos TX 78666,518 S Guadalupe St,San Marcos,TX,78666,512-392-6694,8a-6p,Freestanding Dispenser,https://txdshsea.maps.arcgis.com/sharing/rest/content/items/2fb96568775a48fd8830b646c6bc1880/data,Individuals can access the naloxone dispenser during hours of operation; dispenser located in the gym/cafeteria area.,Donated and monitored by ICON Program,https://www.southsidecommunitycenter.org/,6/22/2025,-97.940318,29.875288,S800,AS0
Hays County Sheriff's Department,1307 Uhland Rd San Marcos TX 78666,1307 Uhland Rd,San Marcos,TX,78666,n/a,24/7,Freestanding Dispenser,https://txdshsea.maps.arcgis.com/sharing/rest/content/items/2fb96568775a48fd8830b646c6bc1880/data,"Individuals can access the naloxone dispenser during standard business hours: 8AM5PM. Outside of those hours, individuals can ring the bell and let staff know what theyre there to get narcan and someone will buzz them in.",Donated and monitored by ICON Program,,5/23/2025,-97.904574,29.895565,S800,AS2
San Antonio Council on Alcohol and Drug Awareness,7500 W US Highway 90 Dave Coy Bldg Ste 201 San Antonio TX 78227,7500 W US Highway 90,San Antonio,TX,78227,210-225-4741,M-F: 8a-5p,Recovery Support Services,https://txdshsea.maps.arcgis.com/sharing/rest/content/items/9eced037df214baaa061e9147f8abc3d/data,"Community members, partners and clients can request naloxone as well as training using this form: https://form.jotform.com/Sacada7500/sacada-adult-services-request-form. We respond to these request during normal business hours.",Offers naloxone training,https://sacada.org/,4/23/2025,-98.637918,29.399732,S800,AS0
Rise Recovery,2803 Mossrock San Antonio TX 78230,2803 Mossrock,San Antonio,TX,78230,210-227-2634,M-Th: 8a-8p; Fri: 8a-5p,Freestanding Dispenser,https://txdshsea.maps.arcgis.com/sharing/rest/content/items/2fb96568775a48fd8830b646c6bc1880/data,Individuals can access the vending machine during operating hours,,https://riserecovery.org/,12/11/2024,-98.538725,29.512942,S800,AS0
Corazon Ministries,504 Ave E,504 Ave E,San Antonio,TX,78130,210-226-8341,M-F: 9a-3p,Regional Distribution Site (BeWell),https://txdshsea.maps.arcgis.com/sharing/rest/content/items/88e8dc32fbaa4dcd81b339271f9ac3ee/data,Order using link:  https://redcap.uthscsa.edu/REDCap/surveys/?s=7MWYPFNF8YH4XFXK ; orders are ready within 48 hours.,,https://corazonsa.org/,8/26/2025,-98.483584,29.428668,T980,AS0
Central Plains Center,2700 Yonkers Plainview TX 79072,2700 Yonkers,Plainview,TX,79072,806 293-2636,M-F: 8a-5p,Regional Distribution Site (BeWell),https://txdshsea.maps.arcgis.com/sharing/rest/content/items/88e8dc32fbaa4dcd81b339271f9ac3ee/data,Order using link:  https://redcap.uthscsa.edu/REDCap/surveys/?s=7MWYPFNF8YH4XFXK ; orders are ready within 48 hours.,,https://centralplains.org/,8/26/2025,-101.735021,34.207825,S810,AS0
Behavioral Health Solutions of South Texas,5510 N Cage Blvd Pharr TX 78577,5510 N Cage Blvd,Pharr,TX,78577,956-787-7111,M-Th: 8a-6p; Fri: 8a-12p,Regional Distribution Site (BeWell),https://txdshsea.maps.arcgis.com/sharing/rest/content/items/88e8dc32fbaa4dcd81b339271f9ac3ee/data,Order using link:  https://redcap.uthscsa.edu/REDCap/surveys/?s=7MWYPFNF8YH4XFXK ; orders are ready within 48 hours.,,https://bhsst.org/,8/26/2025,-98.175828,26.241901,S800,AS0
NB Housing Partners,4120 Loop 337 New Braunfels TX 78130,4120 Loop 337,New Braunfels,TX,78130,830-272-5020,M-F: 8a-5p,Freestanding Dispenser,https://txdshsea.maps.arcgis.com/sharing/rest/content/items/2fb96568775a48fd8830b646c6bc1880/data,Individuals can access the naloxone dispenser during hours of operation; dispenser located in lobby area.,Donated and monitored by ICON Program,,5/9/2025,-98.155107,29.678255,S800,AS0
Franklin County Rural Health Clinic,506 Texas Highway 37 MT Vernon TX 75457,506 Texas Hwy 37,Mt Vernon,TX,75457,903-537-8222,M-F: 9a-5p,Community Health Clinic,https://txdshsea.maps.arcgis.com/sharing/rest/content/items/417cb39cebcc40eb88d2296c0f91588a/data,Individuals can stop by during business hours and request narcan,,https://www.healandrecovery.com/,9/25/2024,-95.2115,33.145,E023,ZC5X
Thriving United,301 East Illinois Ave Midland TX 79701,301 East Illinois Ave,Midland,TX,79701,432-701-8678,M-F: 9a- 5p; Sat: 9a-1p,Regional Distribution Site (BeWell),https://txdshsea.maps.arcgis.com/sharing/rest/content/items/88e8dc32fbaa4dcd81b339271f9ac3ee/data,Order using link:  https://redcap.uthscsa.edu/REDCap/surveys/?s=7MWYPFNF8YH4XFXK ; orders are ready within 48 hours.,,https://thrivingunited.org/,8/26/2025,-102.071828,31.999809,S800,AS0
ETCADA,708 Glencrest Lane Longview TX 75601,708 Glencrest Lane,Longview,TX,75601,903-753-7633,M-F: 8a-5p,Regional Distribution Site (BeWell),https://txdshsea.maps.arcgis.com/sharing/rest/content/items/88e8dc32fbaa4dcd81b339271f9ac3ee/data,Individuals can call the council at (903) 753-7633 or email naloxone@etcada.com to request naloxone and training. Order using link:  https://redcap.uthscsa.edu/REDCap/surveys/?s=7MWYPFNF8YH4XFXK ; orders are ready within 48 hours.,,https://www.etcada.com/,8/26/2025,-94.746124,32.508287,S800,AS0
Texas Craft Fair,3300 Hwy 190 West,3300 Hwy 190 West,Livingston,TX,77351,936-268-5829,24/7,Freestanding Dispenser,https://txdshsea.maps.arcgis.com/sharing/rest/content/items/2fb96568775a48fd8830b646c6bc1880/data,A community care box with limited narcan is available 24/7; the care box is located outside on west side of grounds. Individuals may call ahead to verify narcan is in stock.,,,3/27/2025,-94.974415,30.729059,S880,AS0
ROOTS Recovery Center,1300 Chicago Ste 101 Laredo TX 78041,1300 Chicago,Laredo,TX,78041,956-688-9800,M-Sun: 24/7,Recovery Support Services,https://txdshsea.maps.arcgis.com/sharing/rest/content/items/9eced037df214baaa061e9147f8abc3d/data,Persons must ring doorbell to enter building and obtain naloxone,,https://www.cityoflaredo.com/departments/detoxification-department,1/28/2025,-99.50825,27.537522,S810,AS0
Marcos J Aranda Recreation & Boxing Gym,4418 Old Santa Maria Rd Laredo TX 78041,4418 Old Santa Maria Rd,Laredo,TX,78041,956-795-3040,M-F: 3p-10p,Freestanding Dispenser,https://txdshsea.maps.arcgis.com/sharing/rest/content/items/2fb96568775a48fd8830b646c6bc1880/data,"During business hours, any community member is able to obtain Free Naloxone from the Naloxone Distribution Cabinet and grab as needed.",,https://www.cityoflaredo.com/departments/health-department/city-of-laredo-overdose-data-2023,1/28/2025,-99.510691,27.53964,T800,AS0
Haynes Recreation Center,2102 Clarks Crossing Dr Laredo TX 78043,2102 Clarks Crossing Dr,Laredo,TX,78043,(956) 729-4600,M-F: 8a-10p; Sat: 10a-2p,Freestanding Dispenser,https://txdshsea.maps.arcgis.com/sharing/rest/content/items/2fb96568775a48fd8830b646c6bc1880/data,"During business hours, any community member is able to obtain Free Naloxone from the Naloxone Distribution Cabinet and grab as needed.",,https://www.cityoflaredo.com/departments/health-department/city-of-laredo-overdose-data-2023,1/28/2025,-99.475103,27.51691,S880,AI0
El Eden Recreation Center,4735 Loma Vista Dr Laredo TX 78046,4735 Loma Vista Dr,Laredo,TX,78046,956-794-1769,M-F: 8a-10p; Sat: 10a-2p,Freestanding Dispenser,https://txdshsea.maps.arcgis.com/sharing/rest/content/items/2fb96568775a48fd8830b646c6bc1880/data,"During business hours, any community member is able to obtain Free Naloxone from the Naloxone Distribution Cabinet and grab as needed.",,https://www.cityoflaredo.com/departments/health-department/city-of-laredo-overdose-data-2023,1/28/2025,-99.469893,27.44233,T800,AS0
City of Laredo Public Health Department,2600 Cedar Ave Laredo TX 78040,2600 Cedar Ave,Laredo,TX,78040,956-795-4900,M-F: 8a-5p,Freestanding Dispenser,https://txdshsea.maps.arcgis.com/sharing/rest/content/items/2fb96568775a48fd8830b646c6bc1880/data,"During business hours, any community member is able to obtain Free Naloxone from the Naloxone Distribution Cabinet and grab as needed.",,https://www.cityoflaredo.com/departments/health-department/city-of-laredo-overdose-data-2023,1/28/2025,-99.4898,27.519687,S800,AS0
Cigarroa Recreation Center,2201 Zacatecas St Laredo TX 78046,2201 Zacatecas St,Laredo,TX,78046,956-795-3050,M-F: 8a-10p,Freestanding Dispenser,https://txdshsea.maps.arcgis.com/sharing/rest/content/items/2fb96568775a48fd8830b646c6bc1880/data,"During business hours, any community member is able to obtain Free Naloxone from the Naloxone Distribution Cabinet and grab as needed.",,https://www.cityoflaredo.com/departments/health-department/city-of-laredo-overdose-data-2023,1/28/2025,-99.473831,27.474805,S800,AS0
Bruni Plaza Branch Library,1120 San Bernardo Ave Laredo TX 78040,1120 San Bernardo Ave,Laredo,TX,78040,956-795-2400 ext. 2581,Tues-Sat: 10a-7p,Freestanding Dispenser,https://txdshsea.maps.arcgis.com/sharing/rest/content/items/2fb96568775a48fd8830b646c6bc1880/data,"During business hours, any community member is able to obtain Free Naloxone from the Naloxone Distribution Cabinet and grab as needed.",,https://www.cityoflaredo.com/departments/health-department/city-of-laredo-overdose-data-2023,1/28/2025,-99.504745,27.509275,S800,AS0
Barbara Fasken Recreation Center,15201 Cerralvo Dr Laredo TX 78045,15201 Cerralvo Dr,Laredo,TX,78045,956-729-4630,M-F: 8a-10p; Sat: 10a-2p,Freestanding Dispenser,https://txdshsea.maps.arcgis.com/sharing/rest/content/items/2fb96568775a48fd8830b646c6bc1880/data,"During business hours, any community member is able to obtain Free Naloxone from the Naloxone Distribution Cabinet and grab as needed.",,https://www.cityoflaredo.com/departments/health-department/city-of-laredo-overdose-data-2023,1/28/2025,-99.530562,27.590325,S800,AS0
Hill Country Council on Alcohol and Drug Abuse,102 Business Dr West Kerrvile 78028,102 Buisness Dr West,Kerrville,TX,78028,830-367-4667,M-F: 8a-5p,Freestanding Dispenser,https://txdshsea.maps.arcgis.com/sharing/rest/content/items/2fb96568775a48fd8830b646c6bc1880/data,"Individuals can access naloxone dispenser during operating hours. Monday: 8AM- 5PM, Tuesday: 8 AM-7 PM, Wednesday: 8 AM-5 PM, Thursday 8 AM-7 PM, Friday 8 AM-12 PM. Closed 12-1 PM for lunch daily.",,,4/2/2025,-99.216977,30.075455,S880,AS0
Fog Daddy's Vape Shop,1480 Junction Hwy Kerrville 78028,1480 Junction Hwy,Kerrville,TX,78028,830-257-6027,Sun-Sat: 9a-9p,Freestanding Dispenser,https://txdshsea.maps.arcgis.com/sharing/rest/content/items/2fb96568775a48fd8830b646c6bc1880/data,Individuals can access the narcan dispenser during operating hours.,Call HCCADA for additional resources or recovery support: 830-367-4667,,4/2/2025,-99.174337,30.064068,S800,AS0
Fog House Vape Shop- Kerrville,317 Earl Garrett Kerrvile 78028,317 Earl Garrett,Kerrvile,TX,78028,830-955-5371,Sun-Sat: 10a-9p,Freestanding Dispenser,https://txdshsea.maps.arcgis.com/sharing/rest/content/items/2fb96568775a48fd8830b646c6bc1880/data,Individuals can access the narcan dispenser during operating hours.,Call HCCADA for additional resources or recovery support: 830-367-4667,,4/1/2025,-99.138963,30.04678,SA10,AS0
UT Health's University Center Tower,7000 Fannin St Houston TX 77030,7000 Fannin St,Houston,TX,77030,713-500-4472,24/7,Freestanding Dispenser,https://txdshsea.maps.arcgis.com/sharing/rest/content/items/2fb96568775a48fd8830b646c6bc1880/data,Vending machines are located outdoors available 24/7 to the public,,https://www.uth.edu/maps/university-center-tower-parking,8/26/2025,-95.403065,29.703523,S800,AS0
UT Health Professional Building,6410 Fannin Street,6410 Fannin St,Houston,TX,77030,n/a,24/7,Freestanding Dispenser,https://txdshsea.maps.arcgis.com/sharing/rest/content/items/2fb96568775a48fd8830b646c6bc1880/data,Vending machines are located outdoors available 24/7 to the public,"Note: University of Texas Health Science Center at UTHealth Houston Professional Building is home to UT Physicians, the clinical practice of McGovern Medical School at UTHealth Houston. The building is connected by skywalk to Memorial Hermann Medical Plaz",https://www.uth.edu/maps/university-professional-building,8/26/2025,-95.397643,29.714201,S800,AS0
The Council on Recovery,303 Jackson Hill Street Houston TX 77007,303 Jackson Hill Street,Houston,TX,77007,713-942-4100,M-F: 9a-5p,Recovery Support Services,https://txdshsea.maps.arcgis.com/sharing/rest/content/items/9eced037df214baaa061e9147f8abc3d/data,Individuals can come in during business hours and request naloxone,,https://www.councilonrecovery.org/,12/17/2024,-95.401935,29.764379,S800,AS0
Texas Medical Center (TMC) Library,1133 John Freeman Blvd Houston TX 77030,1133 John Freeman Blvd,Houston,TX,77030,713-795-4200,M-Th: 7a-10p; F: 7a-6p; Sat: 9a-6p; Sun: 1p-6p,Freestanding Dispenser,https://txdshsea.maps.arcgis.com/sharing/rest/content/items/2fb96568775a48fd8830b646c6bc1880/data,Individuals can access the dispenser during business hours. The dispenser is inside the library near the 1st floor vending machines.,,https://library.tmc.edu/,3/28/2025,-95.398196,29.711922,S800,AS0
Strategic Recovery Solutions,5144 East Sam Houston Pkwy N Ste 115 Houston TX 77015,5144 East Sam Houston Pkwy,Houston,TX,77015,937-709-3635,M-F: 8a-9p,Regional Distribution Site (BeWell),https://txdshsea.maps.arcgis.com/sharing/rest/content/items/88e8dc32fbaa4dcd81b339271f9ac3ee/data,Fill out contact form with your request on their website: https://strategicrecoverysolutions.org/order-naloxone ; someone will respond within 48 hours regarding pick-up,,https://strategicrecoverysolutions.org/,8/26/2025,-95.162797,29.799109,S840,AS0
Center for Recovery and Wellness Resources,2905 Elgin St Houston TX 77007,2905 Elgin St,Houston,TX,77007,832-373-3050,M-F: 9a-5p,Regional Distribution Site (BeWell),https://txdshsea.maps.arcgis.com/sharing/rest/content/items/88e8dc32fbaa4dcd81b339271f9ac3ee/data,Individuals can place an order via online at: https://www.wellnessandrecovery.org/order-naloxone; a representative will contact you to confirm which of the pickup locations you'd like to go to. Individuals may also select the delivery option. orders are ready within 48 hours.,,https://www.wellnessandrecovery.org/order-naloxone,8/26/2025,-95.360162,29.731748,S900,AS0
"El Paso Alliance, Inc.",800 Montana Ave El Paso TX 79902,800 Montana Ave,El Paso,TX,79902,915-594-7000,M-Sun: 7a-10:30p,Regional Distribution Site (BeWell),https://txdshsea.maps.arcgis.com/sharing/rest/content/items/88e8dc32fbaa4dcd81b339271f9ac3ee/data,Order using link:  https://redcap.uthscsa.edu/REDCap/surveys/?s=7MWYPFNF8YH4XFXK ; orders are ready within 48 hours.,,https://recoveryalliance.net/,8/28/2025,-106.486325,31.767147,S800,AS0
Aliviane,1626 Medical Center Dr El Paso Texas 79902,1626 Medical Center Dr,El Paso,TX,79902,915-782-4000,M-F: 7a-5p,Recovery Support Services,https://txdshsea.maps.arcgis.com/sharing/rest/content/items/9eced037df214baaa061e9147f8abc3d/data,Individuals can come in during business hours and request naloxone,,https://www.aliviane.org/,10/15/2024,-106.479508,31.777981,S800,AI0
Phoenix House,2345 Reagan Street Dallas TX 75219,2345 Reagan St,Dallas,TX,75219,214-999-1044,hours based on trainings,Recovery Support Services,https://txdshsea.maps.arcgis.com/sharing/rest/content/items/9eced037df214baaa061e9147f8abc3d/data,Individuals can either attend any upcoming community Opioids & Narcan trainings (which are posted to the Events page of our website: https://phoenixhousetx.org/events/) or they can reach out to Phx House Tx via email (contact@phoenixhousetx.org) to request to schedule an opioids & Narcan training for their group/community/etc.,Note: narcan only provided with training,https://phoenixhousetx.org/,10/2/2024,-96.818292,32.804247,S800,AS0
DFW Harm Reduction Access Movement,Dallas TX (no physical address),,Dallas,TX,,n/a,24/7,Risk Reduction Group,https://txdshsea.maps.arcgis.com/sharing/rest/content/items/88e8dc32fbaa4dcd81b339271f9ac3ee/data,Individuals can contact them via email or social media: email: dfwharmredux@gmail.com; Instagram- @dfwharmredux. And they will coordinate drop-off/pick-up services,Conducts outreach events throughout DFW area; distributes narcan and harm reduction supplies at each event. Events listed on instagram,https://linktr.ee/dhream,8/27/2025,-96.8071409,32.7796634,E020,E
Deep Ellum Community Center,2528 Elm St A Dallas TX 75226,2528 Elm St,Dallas,TX,75226,817-999-5201,M-F: 12p-7p,Freestanding Dispenser,https://txdshsea.maps.arcgis.com/sharing/rest/content/items/2fb96568775a48fd8830b646c6bc1880/data,Individuals can access vending machines during operating hours,,https://deepellumcommunitycenter.com/,10/2/2024,-96.787858,32.783676,S800,AS0
Dallas 24 Hour Club,4636 Ross Avenue Dallas TX 75204,4636 Ross Ave,Dallas,TX,75204,214-823-3200,M-F: 8a-10p,Recovery Support Services,https://txdshsea.maps.arcgis.com/sharing/rest/content/items/9eced037df214baaa061e9147f8abc3d/data,Individuals can stop by the organization during business hours and see a staff member to request narcan,,https://www.dallas24hourclub.org/,10/4/2024,-96.777949,32.804541,S800,AS0
"South Texas Substance Abuse Recovery Services, Inc. (STSARS)",907 Antelope Street Corpus Christi 78401,907 Antelope Street,Corpus Christi,TX,78041,361-882-0070,24/7,Freestanding Dispenser,https://txdshsea.maps.arcgis.com/sharing/rest/content/items/9eced037df214baaa061e9147f8abc3d/data,Freestanding Dispenser,,https://stsars.org/,3/6/2026,-97.39984,27.797181,S900,AS0
Coastal Bend Wellness Foundation,2882 Holly Road Corpus Christi TX 78415,2882 Holly Road,Corpus Christi,TX,78415,361-814-2001 ext 208,M-F: 8a-5p,Community Health Clinic,https://txdshsea.maps.arcgis.com/sharing/rest/content/items/417cb39cebcc40eb88d2296c0f91588a/data,"Individuals wanting to get Narcan and other risk reduction resources from Coastal Bend Wellness Foundation, should call 361-814-2001 ext. 208 and speak to an Outreach Specialist. Arrangements to meet can be made through the mobile health unit if there are any transportation issues",,https://www.cbwellness.org/,10/8/2024,-97.423736,27.721835,S800,AS0
Texas Against Fentanyl,2001 Windy Terrace Suite C Cedar Park TX 78613,2001 Windy Ter,Cedar Park,TX,78613,737-304-8890,M-F: 8a-5p,Risk Reduction Group,https://txdshsea.maps.arcgis.com/sharing/rest/content/items/88e8dc32fbaa4dcd81b339271f9ac3ee/data,Individuals can contact via phone to request narcan and also can drop-in during business hours,,https://txaf.org/,10/11/2024,-97.833664,30.460524,S800,AS0
Brazoria County Police Department,114 E Texas St Brazoria TX 77422,114 E Texas Street,Brazoria,TX,77422,979-798-2195,24/7,Freestanding Dispenser,https://txdshsea.maps.arcgis.com/sharing/rest/content/items/2fb96568775a48fd8830b646c6bc1880/data,Individuals can access the vending machine located outside of Brazoria County Police Dept.,,,4/8/2025,-95.569407,29.044379,S800,AS0
Up In Smoke,32828 Interstate 10 W Boerne TX 78006,32828 Interstate 10 W,Boerne,TX,78006,830-629-8453,M-Sat: 11a-8p,Freestanding Dispenser,https://txdshsea.maps.arcgis.com/sharing/rest/content/items/2fb96568775a48fd8830b646c6bc1880/data,Individuals can access the naloxone dispenser during hours of operation.,"For recovery support, please call the Hill Country Council on Alcohol and Drug Abuse: (830) 367-4667.",,4/9/2025,-98.714677,29.763772,S800,AS0
Kendall County Jail,6 Staudt St Boerne TX 78006,6 Staudt St,Boerne,TX,78006,830-249-9721,24/7,Freestanding Dispenser,https://txdshsea.maps.arcgis.com/sharing/rest/content/items/2fb96568775a48fd8830b646c6bc1880/data,"Individuals can access naloxone during lobby hours: doors are open Monday- Friday 8AM-5PM. After hours, individuals can press the call button and a deputy can allow them access to the Naloxone Dispenser.",,,4/3/2025,-98.722713,29.806217,S800,AS0
Fog House,513 E Blanco Rd Boerne TX 78006,513 E Blanco Rd,Boerne,TX,78006,830-331-2841,Sun-Sat: 10a-9p,Freestanding Dispenser,https://txdshsea.maps.arcgis.com/sharing/rest/content/items/2fb96568775a48fd8830b646c6bc1880/data,Naloxone kiosk is located inside the business and is free to the public.,,,5/23/2025,-98.728308,29.795883,S800,AS0
Texas Treatment Services (Methadone Clinic),2688 Calder Avenue Beaumont TX 77702,2688 Calder Ave,Beaumont,TX,77702,,24/7,Freestanding Dispenser,https://txdshsea.maps.arcgis.com/sharing/rest/content/items/2fb96568775a48fd8830b646c6bc1880/data,Vending machines are located outdoors available 24/7 to the public,,https://texastreatment.com/,2/4/2025,-94.129356,30.085766,A810,AS0
Bastrop County Cares,806 Water Street Bastrop TX 78602,806 Water Street,Bastrop,TX,78602,512-409-3116,24/7,Freestanding Dispenser,https://txdshsea.maps.arcgis.com/sharing/rest/content/items/2fb96568775a48fd8830b646c6bc1880/data,Vending machines are located outdoors available 24/7 to the public,,https://www.bastropcares.org/,8/22/2024,-97.31885,30.108585,S800,AS0
Texas Harm Reduction Alliance,1803 E Cesar Austin TX 78702,1803 E Cesar,Austin,TX,78702,512-893-3237,M-Th: 12:30p-5p,Risk Reduction Group,https://txdshsea.maps.arcgis.com/sharing/rest/content/items/88e8dc32fbaa4dcd81b339271f9ac3ee/data,Individuals can drop-in during hours of operation to get naloxone.,"Carries both Narcan (nasal spray) and Naloxone (intramuscular); offers street outreach and passes out narcan/naloxone- hours and locations posted on website, also provides woundcare and showers",https://www.texasharmreduction.org/,9/30/2024,-97.7162,30.2641,E024,ZC5X
N.I.C.E. Project,4430 Manchaca Rd Austin TX 78745,4430 Manchaca Rd,Austin,TX,78745,301-633-7683,24/7,Freestanding Dispenser,https://txdshsea.maps.arcgis.com/sharing/rest/content/items/2fb96568775a48fd8830b646c6bc1880/data,Individuals can access the vending machine 24/7,,https://niceprojectatx.com/,5/20/2025,-97.789488,30.228414,S880,AS0
N.I.C.E. Project,1413 Webberville Rd Austin TX 78721,1413 Webberville Rd,Austin,TX,78721,n/a,24/7,Freestanding Dispenser,https://txdshsea.maps.arcgis.com/sharing/rest/content/items/2fb96568775a48fd8830b646c6bc1880/data,Individuals can access the vending machine 24/7; located outdoors,,https://niceprojectatx.com/,5/27/2025,-97.681193,30.279684,S800,AS0
N.I.C.E. Project,1105 E Cesar Chavez St Austin TX 78702,1105 E Cesar Chavez St,Austin,TX,78702,n/a,24/7,Freestanding Dispenser,https://txdshsea.maps.arcgis.com/sharing/rest/content/items/2fb96568775a48fd8830b646c6bc1880/data,Individuals can access the vending machine 24/7; located outdoors,,https://niceprojectatx.com/,5/27/2025,-97.733392,30.260046,S800,AS0
N.I.C.E. Project,620 W 29th St Austin TX 78705,620 W 29th St,Austin,TX,78705,n/a,24/7,Freestanding Dispenser,https://txdshsea.maps.arcgis.com/sharing/rest/content/items/2fb96568775a48fd8830b646c6bc1880/data,Individuals can access the vending machine 24/7; located outdoors,,https://niceprojectatx.com/,5/27/2025,-97.743773,30.296036,S800,AS0
Communities for Recovery,4110 Guadalupe St Bldg 635 Austin TX 78751,4110 Guadalupe St,Austin,TX,78751,512-758-7686,M-F: 10a-8p,Regional Distribution Site (BeWell),https://txdshsea.maps.arcgis.com/sharing/rest/content/items/88e8dc32fbaa4dcd81b339271f9ac3ee/data,Order using link:  https://redcap.uthscsa.edu/REDCap/surveys/?s=7MWYPFNF8YH4XFXK ; orders are ready within 48 hours.,"Recovery Community Center that offers Recovery Support Services that include peer support, hosting several mutual aid support groups for all pathways, sober safe social events and drop-in services",https://communitiesforrecovery.org/,6/23/2025,-97.735188,30.30767,S800,AS0
Cindy's Bail Bonds,125 E Cedar St #B Angleton TX 77515,125 E Cedar Street,Angleton,TX,77515,979-849-9200,24/7,Freestanding Dispenser,https://txdshsea.maps.arcgis.com/sharing/rest/content/items/2fb96568775a48fd8830b646c6bc1880/data,Individuals can access the vending machine located outside of Cindy's Bail Bonds,,,4/8/2025,-95.431045,29.169705,S800,AS0
Cindy's Bail Bonds,1130 South Hood St Alvin TX 77512,1130 South Hood Street,Alvin,TX,77512,281-331-1076,24/7,Freestanding Dispenser,https://txdshsea.maps.arcgis.com/sharing/rest/content/items/2fb96568775a48fd8830b646c6bc1880/data,Individuals can access the vending machine located outside of Cindy's Bail Bonds,,,4/8/2025,-95.245622,29.413922,S900,AS0
West Texas Harm Reduction,2233 Cottonwood St Abilene TX 79601,2233 Cottonwood Street,Abilene,TX,79601,325-201-8920,Sun-Sat: 9p-12am,Risk Reduction Group,https://txdshsea.maps.arcgis.com/sharing/rest/content/items/88e8dc32fbaa4dcd81b339271f9ac3ee/data,Individuals can contact 325-201-8920 for delivery or contact the group via Facebook: https://www.facebook.com/westtexasharmreduction/,,https://www.facebook.com/westtexasharmreduction/,4/8/2025,-99.7064,32.4932,E024,ZC5X
Book Therapy,1017 Butternut Dr Abilene TX 79602,1017 Butternut Dr,Abilene,TX,79601,325-673-2242,24/7,Freestanding Dispenser,https://txdshsea.maps.arcgis.com/sharing/rest/content/items/2fb96568775a48fd8830b646c6bc1880/data,"Individuals can access the vending machine located outside of Book Therapy, 24/7.",Naloxone vending machine provided by Abilene Recovery Council.,https://abirecovery.org/,3/31/2025,-99.73835,32.438183,S910,AS0
Abilene - Taylor County Public Health District,850 N 6th St Abilene TX 79601,850 N 6th St,Abilene,TX,79601,325-692-5600,M-F: 8a-5p,Local Health Department,https://txdshsea.maps.arcgis.com/sharing/rest/content/items/f7eab02d7360475cbddca4ab6965f6b5/data,"Individuals can come in during business hours and request naloxone from the front desk, they will give it to you for free!",,https://abilenetx.gov/159/Public-Health,3/28/2025,-99.730798,32.454625,S800,AS0
Riverside Grocery,1495 W State Highway 71 Suite C La Grange TX 78945,1495 W State Highway 71,La Grange,TX,78945,,24/7,Freestanding Dispenser,https://txdshsea.maps.arcgis.com/sharing/rest/content/items/2fb96568775a48fd8830b646c6bc1880/data,"Individuals can access the naloxone dispenser box located outside of Riverside Grocery, 24/7.",Provided by the ICON project,,7/1/2025,-96.898434,29.901309,S800,AS0
ASAP Bail Bonds,408 Main St Suite B Liberty TX 77575,408 Main St,Liberty,TX,77575,,24/7,Freestanding Dispenser,https://txdshsea.maps.arcgis.com/sharing/rest/content/items/2fb96568775a48fd8830b646c6bc1880/data,"Individuals can access the naloxone dispenser box located outside of ASAP Bail Bonds, 24/7.",Provided by the ICON project,,7/1/2025,-94.795715,30.059001,S800,AS0
UT Health School of Public Health,1200 Pressler St Houston TX 77030,1200 Pressler St,Houston,TX,77030,713-500-9050,24/7,Freestanding Dispenser,https://txdshsea.maps.arcgis.com/sharing/rest/content/items/2fb96568775a48fd8830b646c6bc1880/data,"Naloxone wall box located on the first floor of the school of public health building, assessible to anyone in need.",Provided by UT Health Heroes Program,,7/1/2025,-95.399315,29.704194,A890,AS0
Helen Farabee Centers,500 Broad St Wichita Falls TX 76301,500 Broad St,Wichita Falls,TX,76301,940-397-3391,M-F: 8a-5p,Recovery Support Services,https://txdshsea.maps.arcgis.com/sharing/rest/content/items/9eced037df214baaa061e9147f8abc3d/data,Naloxone vending machine located in the front lobby.,,https://www.helenfarabee.org/,7/16/2025,-98.501712,33.910598,S800,AS0
Helen Farabee Centers (Denver St.),516 Denver St Wichita Fallas TX 76301,516 Denver St,Wichita Falls,TX,76301,940-397-3391,M-F: 8a-5p,Recovery Support Services,https://txdshsea.maps.arcgis.com/sharing/rest/content/items/9eced037df214baaa061e9147f8abc3d/data,Naloxone vending machine located in the front lobby.,,https://www.helenfarabee.org/,7/16/2025,-98.508257,33.909174,S800,AS0
Hart Pharmacy,202 State Hwy 3 Lamarque TX 77568,202 State Hwy 3,Lamarque,TX,77568,409-938-3787,M-F: 9a-5p; Sat: 9a-1p,Private Entity,https://txdshsea.maps.arcgis.com/sharing/rest/content/items/2f1ec57d1b464e1c97c64d4af915bd2b/data,Narcan dispenser located inside store; individuals may access narcan during business hours.,Monitored and donated by Gulf Coast Outreach Services,,8/11/2025,-94.968834,29.377417,AA80,AS0
One Stop Hardware,8101 Wallace Ave Hitchcock TX 77563,8101 Wallace Ave,Hitchcock,TX,77563,,24/7,Freestanding Dispenser,https://txdshsea.maps.arcgis.com/sharing/rest/content/items/2fb96568775a48fd8830b646c6bc1880/data,"Narcan dispenser located outside shop, available to public 24/7",Monitored and donated by Gulf Coast Outreach Services,,8/11/2025,-95.020611,29.348998,S800,AS0
Hot Rod Diesel,7919 Hwy 6 Hitchcock TX 77563,7919 Hwy 6,Hitchcock,TX,77563,,24/7,Freestanding Dispenser,https://txdshsea.maps.arcgis.com/sharing/rest/content/items/2fb96568775a48fd8830b646c6bc1880/data,"Narcan dispenser located outside shop, available to public 24/7",Monitored and donated by Gulf Coast Outreach Services,,8/11/2025,-95.017659,29.348671,S880,AS0
Gulf Coast Foursquare Church,6205 Delany Rd Hitchcock TX 77563,6205 Delany Rd,Hitchcock,TX,77563,,24/7,Freestanding Dispenser,https://txdshsea.maps.arcgis.com/sharing/rest/content/items/2fb96568775a48fd8830b646c6bc1880/data,"Narcan located in Blessing Box outside church, available to public 24/7",Monitored and donated by Gulf Coast Outreach Services,,8/11/2025,-95.020196,29.356547,S800,AS0
Sullivans Pharmacy,1140 Grand Ave Bacliff TX 77518,1140 Grand Ave,Bacliff,TX,77518,,24/7,Freestanding Dispenser,https://txdshsea.maps.arcgis.com/sharing/rest/content/items/2fb96568775a48fd8830b646c6bc1880/data,"Narcan dispenser located outside store, available 24/7; an additional dispenser is located inside the store and is available during business hours.",Monitored and donated by Gulf Coast Outreach Services,,8/11/2025,-94.994334,29.499456,S800,AS0
Lighthouse Christian Ministries,800 Grand Ave Bacliff TX 77518,800 Grand Ave,Bacliff,TX,77518,,M-F: 10a-4p,Private Entity,https://txdshsea.maps.arcgis.com/sharing/rest/content/items/2f1ec57d1b464e1c97c64d4af915bd2b/data,Narcan dispenser located inside store; individuals may access narcan during business hours.,Monitored and donated by Gulf Coast Outreach Services,,8/11/2025,-94.98811,29.50371,S800,AS0
San Leon Fire Dept.,337 12th St San Leon TX 77539,337 12th St,San Leon,TX,77539,281-559-1312,24/7,Public Safety Entity,https://txdshsea.maps.arcgis.com/sharing/rest/content/items/3a81f24836fc4ab9bc00ebe64425e2b8/data,"Narcan located inside building, request narcan from volunteer.",Monitored and donated by Gulf Coast Outreach Services,,8/11/2025,-94.922956,29.492959,S800,AS0
Bayou Nutrition,2112 FM 517 Rd Dickenson TX 77539,2112 FM 517 Rd,Dickenson,TX,77539,,M-F: 6:30a-6p; Sat: 8a-2p; Sun: 8a-12p,Private Entity,https://txdshsea.maps.arcgis.com/sharing/rest/content/items/2f1ec57d1b464e1c97c64d4af915bd2b/data,Narcan dispenser located inside store; individuals may access narcan during business hours.,Monitored and donated by Gulf Coast Outreach Services,,8/11/2025,-95.059942,29.4595,AA40,AS0
His Ministries Resale Shop,4205 Jackson St Santa Fe TX 77517,4205 Jackson St,Santa Fe,TX,77517,409-925-4697,"M,W,Sat: 9a-12:45p",Private Entity,https://txdshsea.maps.arcgis.com/sharing/rest/content/items/2f1ec57d1b464e1c97c64d4af915bd2b/data,"Narcan dispenser located outside store, available 24/7; an additional dispenser is located inside the store and is available during business hours.",Monitored and donated by Gulf Coast Outreach Services,,8/11/2025,-95.120713,29.382048,S800,AS0
DW Floral and Gifts,12625 Hwy 6 #1 Santa Fe TX 77510,12625 Hwy 6,Santa Fe,TX,77510,,M-F: 8a-6p; Sat: 10a-3p,Private Entity,https://txdshsea.maps.arcgis.com/sharing/rest/content/items/2f1ec57d1b464e1c97c64d4af915bd2b/data,Narcan dispenser located inside store; individuals may access narcan during business hours.,Monitored and donated by Gulf Coast Outreach Services,,8/11/2025,-95.094026,29.374196,S880,AS0
Mt Zion Baptist Church,227 4th Ave North Texas City TX 77590,227 th Ave North,Texas City,TX,77590,,24/7,Freestanding Dispenser,https://txdshsea.maps.arcgis.com/sharing/rest/content/items/2fb96568775a48fd8830b646c6bc1880/data,"Narcan dispenser located outside church, available to public 24/7",Monitored and donated by Gulf Coast Outreach Services,,8/11/2025,-94.9218,29.3938,E027,ZC5X
Coffee Connection,9300 Emmett F Lowry Expy #222 Texas City TX 77591,9300 Emmett F Lowry Expy,Texas City,TX,77591,,M-F: 7a-4p,Private Entity,https://txdshsea.maps.arcgis.com/sharing/rest/content/items/2f1ec57d1b464e1c97c64d4af915bd2b/data,Narcan dispenser located inside store; individuals may access narcan during business hours.,Monitored and donated by Gulf Coast Outreach Services,,8/11/2025,-95.013604,29.400259,S800,AS0
Legal Brew,2505 23rd St N Texas City TX 77590,2505 23rd St N,Texas City,TX,77590,,24/7,Freestanding Dispenser,https://txdshsea.maps.arcgis.com/sharing/rest/content/items/2fb96568775a48fd8830b646c6bc1880/data,"Narcan dispenser located outside the front of hte building, available to public 24/7",Monitored and donated by Gulf Coast Outreach Services,,8/11/2025,-94.927776,29.408477,S800,AS0
RGTC Mobile Lab Service LLC,2501 Palmer Hwy Ste 202-A Texas City TX 77590,2501 Palmer Hwy,Texas City,TX,77590,409-526-5237,M-F: 9a-2p; Sat: 9a-1p,Private Entity,https://txdshsea.maps.arcgis.com/sharing/rest/content/items/2f1ec57d1b464e1c97c64d4af915bd2b/data,narcan dispenser located inside building; individuals may access narcan during business hours.,Monitored and donated by Gulf Coast Outreach Services,,8/11/2025,-94.930919,29.394921,S800,AS0
Mod Coffee Shop,2126 Post Office St Galveston TX 77550,2126 Post Office St,Galveston,TX,77550,,24/7,Freestanding Dispenser,https://txdshsea.maps.arcgis.com/sharing/rest/content/items/2fb96568775a48fd8830b646c6bc1880/data,"Narcan kiosk located in front of store, available 24/7",Monitored and donated by Gulf Coast Outreach Services,,8/11/2025,-94.791614,29.30517,S800,AS0
Saint Vincents House,2817 Postoffice St Galveston TX 77550,2818 Post Office St,Galveston,TX,77550,409-765-2242,M-Th: 8a-5p; Fri: 8a-4p,Recovery Support Services,https://txdshsea.maps.arcgis.com/sharing/rest/content/items/9eced037df214baaa061e9147f8abc3d/data,narcan dispenser located inside building and accessible during business hours. Additional narcan dispenser located in alley near food bank distribution,Monitored and donated by Gulf Coast Outreach Services,,8/11/2025,-94.800063,29.302962,S800,AS0
Smoke Hut,2724 61st St Suite #4 Galveston TX 77551,2724 61st St,Galveston,TX,77551,409-256-2155,M-Sat: 9:30a-10p; Sun: 10a-9p,Private Entity,https://txdshsea.maps.arcgis.com/sharing/rest/content/items/2f1ec57d1b464e1c97c64d4af915bd2b/data,narcan kiosk located inside store; accessible during business hours,Monitored and donated by Gulf Coast Outreach Services,,8/11/2025,-94.82909,29.272553,S800,AS0
Central Church,3308 Avenue O 1/2 Galveston TX 77550,3308 Avenue O 1/2,Galveston,TX,77550,,24/7,Freestanding Dispenser,https://txdshsea.maps.arcgis.com/sharing/rest/content/items/2fb96568775a48fd8830b646c6bc1880/data,"Narcan dispenser located outside church, available to public 24/7",Monitored and donated by Gulf Coast Outreach Services,,8/11/2025,-94.801368,29.290067,S800,AS0
Rick's Vacation Rentals,17620 Termini-San Luis Pass Rd Galveston TX 77554,17620 Termini-San Luis Pass Rd,Galveston,TX,77554,,24/7,Freestanding Dispenser,https://txdshsea.maps.arcgis.com/sharing/rest/content/items/2fb96568775a48fd8830b646c6bc1880/data,"narcan dispenser located in front of building, available 24/7",Monitored and donated by Gulf Coast Outreach Services,,8/11/2025,-94.987764,29.174104,S880,AS0
Jamaica Beach City Hall,16628 Termini San Luis Pass Rd Jamaica Beach TX 77554,16628 Termini San Luis Pass Rd,Jamaica Beach,TX,77554,,24/7,Freestanding Dispenser,https://txdshsea.maps.arcgis.com/sharing/rest/content/items/2fb96568775a48fd8830b646c6bc1880/data,"narcan dispenser located outside the front office, available 24/7",Monitored and donated by Gulf Coast Outreach Services,,8/11/2025,-94.973452,29.182718,S800,AS0
Brazoria County Jail,3602 County Rd 45 Angleton TX 77515,3602 County Rd 45,Angleton,TX,77515,979-864-2338,24/7,Freestanding Dispenser,https://txdshsea.maps.arcgis.com/sharing/rest/content/items/2fb96568775a48fd8830b646c6bc1880/data,"Narcan dispenser located inside Registration Building, available 24/7",Monitored and donated by Gulf Coast Outreach Services,,8/11/2025,-95.405668,29.244379,S880,AS0
ADAPT Program,2512 N Velasco St #300 Angleton TX 77515,2512 N Velasco St,Angleton,TX,77515,,24/7,Freestanding Dispenser,https://txdshsea.maps.arcgis.com/sharing/rest/content/items/2fb96568775a48fd8830b646c6bc1880/data,"narcan dispenser located outside, in front of the building, available 24/7",Monitored and donated by Gulf Coast Outreach Services,,8/11/2025,-95.43324,29.190014,S800,AS0
Worthen Insurance Group,104 Melody Ln Friendswood TX 77546,104 Melody Ln,Friendswood,TX,77546,,24/7,Freestanding Dispenser,https://txdshsea.maps.arcgis.com/sharing/rest/content/items/2fb96568775a48fd8830b646c6bc1880/data,"Narcan Dispenser located outside building, available 24/7",Monitored and donated by Gulf Coast Outreach Services,,8/11/2025,-95.203368,29.537367,S800,AS0
Spence's Pharmacy,215 Oak Dr S Ste M Lake Jackson TX 77566,215 Oak Dr S Ste M,Lake Jackson,TX,77566,,24/7,Freestanding Dispenser,https://txdshsea.maps.arcgis.com/sharing/rest/content/items/2fb96568775a48fd8830b646c6bc1880/data,"narcan dispenser located outside of building, available 24/7",Monitored and donated by Brazoria County Recovery Committee,https://brazoriacountyrecoverycommittee.com/,8/11/2025,-95.455582,29.031022,S800,AS0
Absolute Recovery and Prevention,141 Brazosport Blvd N Clute TX 77531,141 Brazosport Blvd N,Clute,TX,77531,,24/7,freestanding dispenser,https://txdshsea.maps.arcgis.com/sharing/rest/content/items/2fb96568775a48fd8830b646c6bc1880/data,"Narcan Dispenser located outside building, available 24/7",Monitored and donated by Brazoria County Recovery Committee,https://brazoriacountyrecoverycommittee.com/,8/11/2025,-95.396169,29.026418,S800,AS0
Freeport Police Dept- Texas,430 N Brazosport Blvd Freeport TX 77541,430 N Brazosport Blvd,Freeport,TX,77541,,24/7,Freestanding Dispenser,https://txdshsea.maps.arcgis.com/sharing/rest/content/items/2fb96568775a48fd8830b646c6bc1880/data,"narcan Dispenser located outside building, available 24/7",Monitored and donated by Brazoria County Recovery Committee,https://brazoriacountyrecoverycommittee.com/,8/11/2025,-95.373461,28.96377,S800,AS0
Ken's Inspection,1103 S Brooks St Brazoria TX 77422,1103 S Brooks St,Brazoria,TX,77422,,24/7,freestanding dispenser,https://txdshsea.maps.arcgis.com/sharing/rest/content/items/2fb96568775a48fd8830b646c6bc1880/data,"narcan dispenser located outside building, available 24/7",Monitored and donated by Brazoria County Recovery Committee,https://brazoriacountyrecoverycommittee.com/,8/11/2025,-95.567523,29.034965,S800,AS0
Holiday Lakes City Hall,195 N Texas Ave Holiday Lakes TX 77515,195 N Texas Ave,Holiday Lakes,TX,77515,,24/7,freestanding dispenser,https://txdshsea.maps.arcgis.com/sharing/rest/content/items/2fb96568775a48fd8830b646c6bc1880/data,"narcan dispenser located outside building, available 24/7",monitored and donated by brazoria county recovery committee,https://brazoriacountyrecoverycommittee.com/,8/11/2025,-95.5182,29.2057,S800,ZB9E
City of Freeport City Hall,1201 N Ave H Freeport TX 77541,1201 N Ave H,Freeport,TX,77541,,24/7,freestanding dispenser,https://txdshsea.maps.arcgis.com/sharing/rest/content/items/2fb96568775a48fd8830b646c6bc1880/data,"narcan dispenser located outside building, available 24/7",Monitored and donated by Brazoria County Recovery Committee,https://brazoriacountyrecoverycommittee.com/,8/11/2025,-95.369682,28.971993,S880,AS0
Nexus Recovery,8733 La Prada Drive Dallas TX 75228,8733 La Prada Drive,Dallas,TX,75228,214-321-0156,M-F: 7:30a-5p,Recovery Support Services,https://txdshsea.maps.arcgis.com/sharing/rest/content/items/9eced037df214baaa061e9147f8abc3d/data,"Individuals can request narcan from service provider, recommended to call in advance",*serves women only*,,8/7/2025,-96.665583,32.811798,S800,AS0
Kerr County Jail,400 Clearwater Paseo Kerrville TX 78028,400 Clearwater Paseo,Kerrville,TX,78028,830-896-1216,24/7,Public Safety Entity,https://txdshsea.maps.arcgis.com/sharing/rest/content/items/3a81f24836fc4ab9bc00ebe64425e2b8/data,Vending machine located in the lobby of the jail and is available to the public 24/7.,Monitored and Donated by San Antonio Council on Alcohol and Drug Awareness,https://sacada.org/,8/13/2025,-99.12491,30.027393,S800,AS0
Galveston County Health District,9850 EFL Expressway Texas City TX 77591,9850 EFL Expressway,Texas City,TX,77591,409-978-4046,M-F: 8a-5p,Community Health Clinic,https://txdshsea.maps.arcgis.com/sharing/rest/content/items/417cb39cebcc40eb88d2296c0f91588a/data,"Individuals are able to access the naloxone vending machine during business hours. Machine located at Entrance B, Suite B.105 inside Healthy Concepts Clinic/TB Clinic",Site: Health District STI clinic,,8/14/2025,-95.0044,29.3989,E020,ZC5X
Santa Fe AA Facility,12045 15th St Santa Fe TX 77517,12045 15th St,Santa Fe,TX,77517,,24/7,Freestanding Dispenser,https://txdshsea.maps.arcgis.com/sharing/rest/content/items/2fb96568775a48fd8830b646c6bc1880/data,"Narcan dispenser locate outside building, available 24/7",Monitored and donated by Gulf Coast Outreach Services,,8/20/2025,-95.083293,29.371441,S900,AS0
Jones Creek Volunteer Fire Dept,220 Peach Point Rd Freeport TX 77541,220 Peach Point Rd,Freeport,TX,77541,,24/7,Freestanding Dispenser,https://txdshsea.maps.arcgis.com/sharing/rest/content/items/2fb96568775a48fd8830b646c6bc1880/data,"Narcan Dispenser located outside building, available 24/7",Monitored and donated by Brazoria County Recovery Committee,,8/20/2025,-95.471182,28.980362,S801,AS0
Junie's Peer Support,1104 E Mulberry St Ste B Angleton TX 77515,1104 E Mulberry St,Angleton,TX,77515,,24/7,Freestanding Dispenser,https://txdshsea.maps.arcgis.com/sharing/rest/content/items/2fb96568775a48fd8830b646c6bc1880/data,"Narcan Dispenser located outside building, available 24/7",Monitored and donated by Brazoria County Recovery Committee,https://brazoriacountyrecoverycommittee.com/,8/20/2025,-95.418614,29.168814,S800,AS0
HIS Ministries-West Galveston County,13136 Highway 6 Santa Fe TX 77510,13136 Highway 6,Sante Fe,TX,77510,,24/7,Freestanding Dispenser,https://txdshsea.maps.arcgis.com/sharing/rest/content/items/2fb96568775a48fd8830b646c6bc1880/data,"Narcan Dispenser located outside building, available 24/7",Monitored and donated by Gulf Coast Outreach Services,,8/20/2025,-95.101847,29.377176,SA00,AS0
CommUnity Care,3706 S First St Austin TX 78704,3706 South First St,Austin,TX,78704,512-978-9015,M-F: 8a-5p,Community Health Clinic,https://txdshsea.maps.arcgis.com/sharing/rest/content/items/417cb39cebcc40eb88d2296c0f91588a/data,Narcan dispenser located inside the clinic lobby,,,9/4/2025,-97.768289,30.228666,S880,AS0
Central Health,1400 N Interstate Hwy 35 Austin TX 78701,1400 N Interstate Hwy 35,Austin,TX,78701,512-978-8000,24/7,Freestanding Dispenser,https://txdshsea.maps.arcgis.com/sharing/rest/content/items/2fb96568775a48fd8830b646c6bc1880/data,"Narcan dispenser located outside building, available 24/7",,,9/4/2025,-97.732109,30.274308,S880,AS0
CommUnity Care,314 Chicon St Austin TX 78704,314 Chicon St,Austin,TX,78704,512-978-9015,M-F: 8a-5p,Community Health Clinic,https://txdshsea.maps.arcgis.com/sharing/rest/content/items/417cb39cebcc40eb88d2296c0f91588a/data,Narcan dispenser located inside the clinic lobby,,,9/4/2025,-97.72374,30.259474,S900,AS0
Amarillo Public Health,850 Martin Rd Amarillo TX 79107,850 Martin Rd,Amarillo,TX,79107,806-378-6300,M-Th: 7:30a-6p,Risk Reduction Group,https://txdshsea.maps.arcgis.com/sharing/rest/content/items/88e8dc32fbaa4dcd81b339271f9ac3ee/data,Individuals can come in anytime during business hours and requet narcan.,,,8/28/2025,-101.811964,35.223654,S800,AS0
Eighth Street Shelter by Urban Alchemy,501 8th St Austin TX 78701,501 8th St,Austin,TX,78701,512-881-8951,24/7,Freestanding Dispenser,https://txdshsea.maps.arcgis.com/sharing/rest/content/items/2fb96568775a48fd8830b646c6bc1880/data,Narcan dispenser located inside building,,,8/28/2025,-97.7419,30.2712,E023,ZC5X
Austin Resource Center for the Homeless (ARCH),500 East 7th St Austin TX 78701,500 East 7th St,Austin,TX,78701,512-881-8951,24/7,Freestanding Dispenser,https://txdshsea.maps.arcgis.com/sharing/rest/content/items/2fb96568775a48fd8830b646c6bc1880/data,Narcan available in newspaper style unit inside entryway; available upon request at front desk,,,9/4/2025,-97.737718,30.267794,S800,AS0
Central Health,5339 N IH 35 Suite 100 Austin Texas 78723,5339 N IH 35,Austin,TX,78723,512-978-8000,M-F: 8a-5p,Freestanding Dispenser,https://txdshsea.maps.arcgis.com/sharing/rest/content/items/2fb96568775a48fd8830b646c6bc1880/data,Narcan dispenser located insider Central Health Clinic,,,8/27/2025,-97.708259,30.312375,S880,AS0
Central Health,2802 Webberville Rd Austin TX 78702,2802 Webberville Rd,Austin,TX,78702,512-978-8000,M-F: 8a-5p,Community Health Clinic,https://txdshsea.maps.arcgis.com/sharing/rest/content/items/417cb39cebcc40eb88d2296c0f91588a/data,Naloxone located inside the clinic lobby,,,8/27/2025,-97.709584,30.265264,S800,AS0
Central Health - East Clinic,211 Comal St Austin TX 78702,211 Comal St,Austin,TX,78702,512-978-8000,M-F: 8a-5p,Community Health Clinic,https://txdshsea.maps.arcgis.com/sharing/rest/content/items/417cb39cebcc40eb88d2296c0f91588a/data,Naloxone located inside the clinic lobby,,,11/20/2025,-97.72804,30.259528,S800,AS0
CommUnityCare,"4614 N Interstate 35 Frontage Rd, Austin, TX 78751",4614 N Interstate 35 Frontage Rd,Austin,TX,78751,512-978-9051,M-F: 8a-5p,Community Health Clinic,https://txdshsea.maps.arcgis.com/sharing/rest/content/items/417cb39cebcc40eb88d2296c0f91588a/data,Wall unit holding naloxone is located inside the clinic lobby by the front desk. Anyone can walk in during normal business hours and take free naloxone. ,,https://communitycaretx.org/,9/24/2025,-97.713794,30.3054043,M,M
CommUnity Care - South Austin Health Center,"2529 S First St, Austin, TX 78704",2529 S First St,Austin,TX,78704,,,Community Health Clinic,https://txdshsea.maps.arcgis.com/sharing/rest/content/items/417cb39cebcc40eb88d2296c0f91588a/data,,,,11/20/2025,-97.7612404,30.2390628,M,M
Endeavors - Northbridge,"7400 N IH-35, Austin, TX 78752",7400 N IH-35,Austin,TX,78752,,,Public Social Service,https://txdshsea.maps.arcgis.com/sharing/rest/content/items/babb1b3f840344a0ba12430e24787815/data,Only shelter clients have access to naloxone/,Only shelter clients have access to naloxone/,,11/20/2025,-97.7371036,30.3383313,M,M
CommUnity Care - Hornsby Bend,"3700 Gilbert Rd, Austin, TX 78725",3700 Gilbert Rd,Austin,TX,78725,512-978-9015,M-F: 7a-6p,Community Health Clinic,https://txdshsea.maps.arcgis.com/sharing/rest/content/items/417cb39cebcc40eb88d2296c0f91588a/data,,,,1/6/2026,-97.5915727,30.2403653,M,M
CommUnity Care - Riverside OBGYN,"2237 E Riverside Dr, Suite 101-C, Austin, TX 78741","2237 E Riverside Dr, Suite 101-C",Austin,TX,78741,512-978-8700,M-F: 8a-5p,Community Health Clinic,https://txdshsea.maps.arcgis.com/sharing/rest/content/items/417cb39cebcc40eb88d2296c0f91588a/data,,,,1/6/2026,-97.7262194,30.2378237,M,M
CommUnity Care - Springdale OBGYN,"7112 Ed Bluestein Blvd, Suite 105, Austin, TX 78723","7112 Ed Bluestein Blvd, Suite 105",Austin,TX,78723,512-978-8700,M-F: 8a-5p,Community Health Clinic,https://txdshsea.maps.arcgis.com/sharing/rest/content/items/417cb39cebcc40eb88d2296c0f91588a/data,,,,1/6/2025,-97.6693462,30.3143368,M,M
CommUnity Care - Sandra Joy Anderson Community Health and Wellness Center,"1705 E 11th St, Austin, TX 78702",1705 E 11th St,Austin,TX,78702,512-978-8400,M-F: 8a-5p,Community Health Clinic,https://txdshsea.maps.arcgis.com/sharing/rest/content/items/417cb39cebcc40eb88d2296c0f91588a/data,,,,1/6/2026,-97.7224083,30.2664444,M,M
Endeavors - Marshalling Yard,"1400 Airport Commerce Dr, Austin, 78741",1400 Airport Commerce Dr,Austin,TX,78741,512-539-1064,24/7,Public Social Service,https://txdshsea.maps.arcgis.com/sharing/rest/content/items/babb1b3f840344a0ba12430e24787815/data,,,,1/6/2026,-97.689836,30.2257538,M,M
CommUnity Care - Rundberg Health Center,"825 E Rundberg Lane, Suite B-1, Austin, TX 78753","825 E Runderberg Lane, Suite B-1",Austin,TX,78753,512-978-600,M-F: 7a-5p,Community Health Clinic,https://txdshsea.maps.arcgis.com/sharing/rest/content/items/417cb39cebcc40eb88d2296c0f91588a/data,,,,1/6/2026,-97.6904945,30.3571978,M,M
CommUnity Care - Southeast Health and Wellness WHAM,"2901 Montopolis Dr, Austin, TX 78741",2901 Montopolis Dr,Austin,TX,78741,512-978-9901,M-F: 7a-6p,Community Health Clinic,https://txdshsea.maps.arcgis.com/sharing/rest/content/items/417cb39cebcc40eb88d2296c0f91588a/data,,,,1/6/2026,-97.7109595,30.2144123,M,M
CommUnity Care - North Central,"1210 W Braker Lane, Austin, TX 78758",1210 W Braker Lane,Austin,TX,78758,512-978-9300,M-F: 7a-6p,Community Health Clinic,https://txdshsea.maps.arcgis.com/sharing/rest/content/items/417cb39cebcc40eb88d2296c0f91588a/data,,,,1/6/2026,-97.6952809,30.3854661,M,M
CommUnity Care - Black Men's Health Clinic,"6633 E Highway 290, Suite 100, Austin, TX 78723","6633 E Highway 290, Suite 100",Austin,TX,78723,512-642-8908,M-Th: 7a-6p,Community Health Clinic,https://txdshsea.maps.arcgis.com/sharing/rest/content/items/417cb39cebcc40eb88d2296c0f91588a/data,,,,1/6/2026,-97.6930591,30.320619,M,M
Corsicana Navarro County Public Health Department,"115 W Collin St, Corsicana, TX 75110",115 W Collin St,Corsicana,TX,75110,903-874-6711,M-F: 8a-5p,Freestanding Dispenser,https://txdshsea.maps.arcgis.com/sharing/rest/content/items/2fb96568775a48fd8830b646c6bc1880/data,The machine is inside the health department. Office hours are 8:00 a.m. - 5 p.m. and closed for lunch from 12 p.m. - 1 p.m.,,,12/12/2026,-96.4639319,32.0930112,M,M
Travis County Health and Human Services,"5325 Airport Blvd, Austin, TX 78767",325 Airport Blvd,Austin,TX,78767,817-726-6763,M-F: 8a-4:30p,Public Safety Entity,https://txdshsea.maps.arcgis.com/sharing/rest/content/items/3a81f24836fc4ab9bc00ebe64425e2b8/data,"County services include preventative and education initiatives, including low barrier Naloxone access in first-floor facilities.",,,1/14/2026,,,,
Travis County Family and Civil Court,"1700 Guadalupe St, Austin, TX 78701",1700 Guadalupe St,Austin,TX,78701,737-235-4782,M-F: 8a-5p,Public Safety Entity,https://txdshsea.maps.arcgis.com/sharing/rest/content/items/3a81f24836fc4ab9bc00ebe64425e2b8/data,"County services include preventative and education initiatives, including low barrier Naloxone access in first-floor facilities.",Naloxone placed in restrooms.,,1/14/2026,,,,
Texas Parks and Wildlife Department - Mustang Island State Park,"9394 State Highway 361, Corpus Christi, 78418",9394 State Highway 361,Corpus Christi,TX,78418,361-749-5246,24/7,Freestanding Dispenser,https://txdshsea.maps.arcgis.com/sharing/rest/content/items/2fb96568775a48fd8830b646c6bc1880/data,Box located at state park entrance booth,Box located at state park entrance booth.,,1/28/2026,,,,
Salvation Army,"212 E 1st Ave, Corsicana, TX 75110",212 E 1st Ave,Corsicana,TX,75110,903-874-7131,M-Th: 9a-3p; F: 9a-12p,Freestanding Dispenser,https://txdshsea.maps.arcgis.com/sharing/rest/content/items/2fb96568775a48fd8830b646c6bc1880/data,"Salvation Army is open Monday-Thursday from 9 a.m. to 3 p.m. and is closed from 12 p.m. - 1 p.m. for lunch. Salvation Army is only open on Friday rom 9 a.m. to noon. If the vending machine is empty of Narcan, please ask the front desk for some.",,,2/10/2026,,,,
YMCA,"400 Oaklawn Dr., Corsicana, TX 75110",400 Oaklawn Dr.,Corsicana,TX,75110,903-872-2412,Sun-Sat: 5a-8p,Freestanding Dispenser,https://txdshsea.maps.arcgis.com/sharing/rest/content/items/2fb96568775a48fd8830b646c6bc1880/data,"The operation hours for the YMCA are Monday - Thursday, 5 a.m. to 8 p.m., Saturday 8 a.m. to 8 p.m., and Sunday 1 p.m. to 5 p.m. The Narcan vending machine is located in the front lobby area near the kitchen. The Narcan is free.",,,2/10/2026,,,,
"Homeward Bound, Inc.","319 N 12th St, Corsicana, TX 75110",319 N 12th St,Corsicana,TX,75110,903-941-3500x502,M-Th: 8:30a-7:30p,Freestanding Dispenser,https://txdshsea.maps.arcgis.com/sharing/rest/content/items/2fb96568775a48fd8830b646c6bc1880/data,Narcan is inside the Homeward Bound office and is free.,,,2/10/2026,,,,
Princeton Pharmacy,"100 W Princeton Dr, Princeton, TX 75407",100 W Princeton Dr,Princeton,TX,75407,,M-F: 9a-6p; Sat: 9a-2p,Freestanding Dispenser,https://txdshsea.maps.arcgis.com/sharing/rest/content/items/2fb96568775a48fd8830b646c6bc1880/data,Closed Sunday.,,,2/12/2026,,,,
"North Texas Addiction Counseling and Education, Fort Worth","3539 Jim Wright Fwy, Fort Worth, TX 76106",3539 Jim Wright Fwy,Fort Worth,TX,76106,,M-F: 5a-12p; Sat: 7a-10a,Freestanding Dispenser,https://txdshsea.maps.arcgis.com/sharing/rest/content/items/2fb96568775a48fd8830b646c6bc1880/data,Closed Sunday.,,,2/12/2026,,,,
"North Texas Addiction Counseling and Education, Arlington","124 W Pioneer Pkwy #120, Arlington, TX 76010",124 W Pioneer Pkwy #120,Arlington,TX,76010,,M-Th: 5:30a-8p; Sat: 7a-5p,Freestanding Dispenser,https://txdshsea.maps.arcgis.com/sharing/rest/content/items/2fb96568775a48fd8830b646c6bc1880/data,Closed Friday and Sunday.,,,2/12/2026,,,,
"North Texas Addiction Counseling and Education, Weatherford","1506 Mineral Wells Hwy, Weatherford, TX 76086",1506 Mineral Wells Hwy,Weatherford,TX,76086,,M-F: 5:30a-8:30p; Sat: 7a-9a,Freestanding Dispenser,https://txdshsea.maps.arcgis.com/sharing/rest/content/items/2fb96568775a48fd8830b646c6bc1880/data,Closed Sunday.,,,2/12/2026,,,,
Nexus Recovery Center,"3312 N Buckner Blvd, Suite 208, Dallas, TX 75228","3312 N Buckner Blvd, Suite 208",Dallas,TX,75228,,M-F: 7:30a-5p; Sat: 7a-9a,Recovery Support Services,https://txdshsea.maps.arcgis.com/sharing/rest/content/items/9eced037df214baaa061e9147f8abc3d/data,Accessible with appointment only. Closed Sunday.,,,2/12/2026,,,,
Club Dada,"2720 Elm St, Dallas, TX 75226",2720 Elm St,Dallas,TX,75226,,,Private Entity,https://txdshsea.maps.arcgis.com/sharing/rest/content/items/2f1ec57d1b464e1c97c64d4af915bd2b/data,This vending machine is in a concert venue. The vending machine's hours of operation are based on events hoted at Club Dada.,,,2/12/2026,,,,
Reno's Bar,"210 N Crowdus St, Dallas, TX 75226",210 N Crowdus St,Dallas,TX,75226,,M-Sun: 2p-2a,Private Entity,https://txdshsea.maps.arcgis.com/sharing/rest/content/items/2f1ec57d1b464e1c97c64d4af915bd2b/data,,,,2/12/2026,,,,
Backstage at Toyota Music Pavillion,"316 W Las Colinas Blvd, Irving, TX 75039",316 W Las Colinas Blvd,Irving,TX,75039,,,Private Entity,https://txdshsea.maps.arcgis.com/sharing/rest/content/items/2f1ec57d1b464e1c97c64d4af915bd2b/data,This vending machine is in a concert venue. The vending machines hours of operation are based on events hosted at Toyota Music Pavillion. This machine is exclusively accesible to artist with backstage access.,,,2/12/2026,,,,
The Proletariat Gallery and Public House,"2221 Market St, Galveston, TX 77550",2221 Market St,Galveston,TX,77550,,M-Sun: 11a-12a,Private Entity,https://txdshsea.maps.arcgis.com/sharing/rest/content/items/2f1ec57d1b464e1c97c64d4af915bd2b/data,,,,2/12/2026,,,,
Everything Ellum,"2715 Main St, Dallas, TX 75226",2715 Main St,Dallas,TX,75226,,M-Sun: 11a-8p,Private Entity,https://txdshsea.maps.arcgis.com/sharing/rest/content/items/2f1ec57d1b464e1c97c64d4af915bd2b/data,,,,2/12/2026,,,,
"Homeward Bound, Inc.","5300 University Hills, Blvd, Dallas, TX 75241",5300 University Hills Blvd,Dallas,TX,75241,,M-F: 8a-4:30 pm,Freestanding Dispenser,https://txdshsea.maps.arcgis.com/sharing/rest/content/items/2fb96568775a48fd8830b646c6bc1880/data,,,,2/12/2026,,,,
Stop and Shop,"3195 S Great Trinity Forest Way, Dallas, TX 75216",3195 S Great Trinity Forest Way,Dallas,TX,75216,,M-Sun: 1p-7p,Private Entity,https://txdshsea.maps.arcgis.com/sharing/rest/content/items/2f1ec57d1b464e1c97c64d4af915bd2b/data,,,,2/12/2026,,,,
American Dollar Plus,"9770 Forest Ln, Dallas, TX 75243",9770 Forest Ln,Dallas,TX,75243,,M-Sun: 9a-10p,Private Entity,https://txdshsea.maps.arcgis.com/sharing/rest/content/items/2f1ec57d1b464e1c97c64d4af915bd2b/data,,,,2/12/2026,,,,
80 Food Mart Beer and Vape,"1111 N Town East Blvd, Mesquite, TX 75150",1111 N Town East Blvd,Mesquite,TX,75150,,M-F: 7a-12a; Sat: 7a-1a; Sun: 8a-11p ,Private Entity,https://txdshsea.maps.arcgis.com/sharing/rest/content/items/2f1ec57d1b464e1c97c64d4af915bd2b/data,,,,2/12/2026,,,,
Chevron,"4646 Broadway Blvd, Garland, TX 75043",4646 Broadway Blvd,Garland,TX,75043,,Sun-Th: 5a-1a; Fri-Sat: 5:30a-2a,Freestanding Dispenser,https://txdshsea.maps.arcgis.com/sharing/rest/content/items/2fb96568775a48fd8830b646c6bc1880/data,,,,2/12/2026,,,,
ED & OG Smoke Shop,"10325 Lake June Rd, Ste 580, Dallas, TX 75217","10325 Lake June Rd, Ste 580",Dallas,TX,75217,,M-Sun: 10a-1a,Private Entity,https://txdshsea.maps.arcgis.com/sharing/rest/content/items/2f1ec57d1b464e1c97c64d4af915bd2b/data,,,,2/12/2026,,,,
Hatcher Food Store (Beer and Wine),"2702 Elsie Faye Heggins St, Dallas, TX 75215",2702 Elsie Faye Heggins St,Dallas,TX,75215,,M-F: 7a-12a; Sat: 7a-1a; Sun: 8a-11p ,Private Entity,https://txdshsea.maps.arcgis.com/sharing/rest/content/items/2f1ec57d1b464e1c97c64d4af915bd2b/data,,,,2/12/2026,,,,
Shell,"3305 Grand Ave, Dallas, TX 75210",3305 Grand Ave,Dallas,TX,75210,,24/7,Freestanding Dispenser,https://txdshsea.maps.arcgis.com/sharing/rest/content/items/2fb96568775a48fd8830b646c6bc1880/data,,,,2/12/2026,,,,
Puff n Stuff,"4815 Columbia Ave, Dallas, TX 75226",4815 Columbia Ave,Dallas,TX,75226,,M-F: 10a-10p; Sat: 10a-11p; Sun: 12p-10p,Private Entity,https://txdshsea.maps.arcgis.com/sharing/rest/content/items/2f1ec57d1b464e1c97c64d4af915bd2b/data,,,,2/12/2026,,,,
Arcadia Liquor,"2214 Inwood Rd, Dallas, TX 75235",2214 Inwood Rd,Dallas,TX,75235,,M-Sat: 10a-9p,Private Entity,https://txdshsea.maps.arcgis.com/sharing/rest/content/items/2f1ec57d1b464e1c97c64d4af915bd2b/data,Closed Sunday.,,,2/12/2026,,,,
Station 4,"3911 Cedar Springs Rd, Dallas, TX 75219",3911 Cedar Springs Rd,Dallas,TX,75219,,W-Sat: 9p-4a,Private Entity,https://txdshsea.maps.arcgis.com/sharing/rest/content/items/2f1ec57d1b464e1c97c64d4af915bd2b/data,Closed Sunday through Tuesday.,,,2/12/2026,,,,
JR's Bar and Grill,"3923 Cedar Springs Rd, Dallas, TX 75219",3923 Cedar Springs Rd,Dallas,TX,75219,,M: 12 p-1a; Tue-F: 11a-1a; Sat: 11a-2a; Sun: 12a-2a,Private Entity,https://txdshsea.maps.arcgis.com/sharing/rest/content/items/2f1ec57d1b464e1c97c64d4af915bd2b/data,,,,2/12/2026,,,,
TMC ,"3903 Cedar Springs Rd, Dallas, TX 75219",3903 Cedar Springs Rd,Dallas,TX,75219,,M-Sun: 2p-2a,Private Entity,https://txdshsea.maps.arcgis.com/sharing/rest/content/items/2f1ec57d1b464e1c97c64d4af915bd2b/data,,,,2/12/2026,,,,
Sue Ellen's,"3014 Throckmorton St, Dallas, TX 75219",3014 Throckmorton St,Dallas,TX,75219,,M-Sun: 2p-2a,Private Entity,https://txdshsea.maps.arcgis.com/sharing/rest/content/items/2f1ec57d1b464e1c97c64d4af915bd2b/data,,,,2/12/2926,,,,
Pandacorn Café,"3917 Cedar Springs Rd, Dallas, TX 75219",3917 Cedar Springs Rd,Dallas,TX,75219,,M-Sun: 7a-10p,Private Entity,https://txdshsea.maps.arcgis.com/sharing/rest/content/items/2f1ec57d1b464e1c97c64d4af915bd2b/data,,,,2/12/2026,,,,
CommUnity Care - Oak Hill Health Center,"8656-A Hwy 71, West Ste C, Austin, TX 78735","8656-A Hwy 71, West Ste C",Austin,TX,78735,,M-Fri: 8a-5p,Community Health Clinic,https://txdshsea.maps.arcgis.com/sharing/rest/content/items/417cb39cebcc40eb88d2296c0f91588a/data,,,,2/18/2026,,,,
The Other Ones Foundation (TOOF),"760 Bastrop Hwy SB, Austin, TX 78741",760 Bastrop Hwy SB,Austin,TX,78741,,Sun-Sat: 9a-5p,Public Social Service,https://txdshsea.maps.arcgis.com/sharing/rest/content/items/babb1b3f840344a0ba12430e24787815/data,,,,2/18/2026,,,,
CommUnity Care - William Cannon,"6801 S I-35, Austin, TX 78744",6801 S I-35,Austin,TX,78744,,M-F: 7a-6p,Community Health Clinic,https://txdshsea.maps.arcgis.com/sharing/rest/content/items/417cb39cebcc40eb88d2296c0f91588a/data,,,,2/18/2026,,,,
Blue Skies Mutual Aid,"104 SW Ave C, Seminole, TX 79360",104 SW Ave C,Seminole,TX,79360,,M-F: 9:30a-1p,Public Social Service,https://txdshsea.maps.arcgis.com/sharing/rest/content/items/babb1b3f840344a0ba12430e24787815/data,"Blue Skies Mutual Aid distributes free Narcan, while supplies last, to any walk-in clients at our office.",,,2/24/2026,,,,
Dallas County Health and Human Services Garland Clinic,"206 Carver St, Garland, TX 75040",206 Carver St,Garland,TX,75040,,M-F: 8a-5p,Community Health Clinic,https://txdshsea.maps.arcgis.com/sharing/rest/content/items/417cb39cebcc40eb88d2296c0f91588a/data,Naloxone available upon request. Sign in waiting room indicating this. Staff provide a brief training and handout before providing requestor with one box.,"Clinic track how many boxes are given for reporting. It is an outlying clinic of Dallas County providing immunization, TB screenings, and education.",,3/10/2026,,,,
Betty Hardwick Center Community Health Worker Program,"801 Cypress St, Abilene, TX 79601",801 Cypress St,Abilene,TX,79601,,M-F: 8a-4:30p,Recovery Support Services,https://txdshsea.maps.arcgis.com/sharing/rest/content/items/9eced037df214baaa061e9147f8abc3d/data,Naloxone can be brought to individuals upon request.,,https://bettyhardwick.org/substance-use-disorder-treatment-recovery/,3/24/2026,-99.733396,32.457493,M,M
Mo Ranch,"2229 FM 1340, Hunt, TX 78024",2229 FM 1340,Hunt,TX,78024,800-460-4401,24/7,Private Entity,https://txdshsea.maps.arcgis.com/sharing/rest/content/items/2f1ec57d1b464e1c97c64d4af915bd2b/data,Inside Lobby. Free to anyone.,,,4/10/2026,-99.471599,30.058157,M,M
Vapor Maven,"1304 Junction Hwy, Suite 800, Kerrville, TX 78028","1304 Junction Hwy, Suite 800",Kerrville,TX,78028,830-955-5182,24/7,Freestanding Dispenser,https://txdshsea.maps.arcgis.com/sharing/rest/content/items/2fb96568775a48fd8830b646c6bc1880/data,,,,4/10/2026,-99.170056,30.063107,M,M
The Opportunity Center for the Homeless,"1208 Myrtle Ave, El Paso, TX 79901",1208 Myrtle Ave,El Paso,TX,79901,,24/7,Private Entity,https://txdshsea.maps.arcgis.com/sharing/rest/content/items/2f1ec57d1b464e1c97c64d4af915bd2b/data,Naloxone available in the Men's Shelter and Resource Center. Available to all.,,,4/13/2026,-106.477014,31.763714,M,M
Mr. Puff,"518 Junction Hwy, Kerrville, TX 78028",518 Junction Hwy,Kerrville,TX,78028,830-496-3076,24/7,Freestanding Dispenser,https://txdshsea.maps.arcgis.com/sharing/rest/content/items/2fb96568775a48fd8830b646c6bc1880/data,,,,4/13/2026,-99.1570669,30.055555,M,M
